Category,Title
LLM,How Large Language Models Work
LLM,LLM Explained | What is LLM
LLM,RAG Explained
LLM,Advanced RAG using Langchain | RAG and Agents Bootcamp
Image Compression,How Image Compression Works
Image Compression,Processing Example: M101 HaLRGB (V)
Text Compression,How Computers Compress Text: Huffman Coding and Huffman Trees
Image Compression,Create an Image Compressor in Python using tkinter and pillow libraries | PySeek
RUST Programming,why rust libraries may never exist.
RUST Programming,What can you build in Rust?!
Machine Learning,Machine Learning Basics | 1.1 Introduction
Machine Learning,Machine Learning Crash Course
Deep Learning,Deep Learning Crash Course
Neural Networks,Neural Networks Demystified
Computer Vision,Computer Vision Crash Course
Natural Language Processing,Natural Language Processing Crash Course
Reinforcement Learning,Reinforcement Learning Crash Course
Generative Adversarial Networks,Generative Adversarial Networks Crash Course
Quantum Computing,Quantum Computing Crash Course
Blockchain,Blockchain Crash Course
Cybersecurity,Cybersecurity Crash Course
Internet of Things,Internet of Things Crash Course
Cloud Computing,Cloud Computing Crash Course
Blockchain,Blockchain Explained
Blockchain,How Blockchain Works in 7 Minutes
Blockchain,Blockchain Applications
Quantum Computing,Quantum Computing Explained
Quantum Computing,How Quantum Computers Work
Quantum Computing,Quantum Supremacy
Artificial Intelligence,Artificial Intelligence Explained
Artificial Intelligence,History of Artificial Intelligence
Artificial Intelligence,Future of Artificial Intelligence
Machine Learning,What is Machine Learning?
Machine Learning,Types of Machine Learning
Machine Learning,Machine Learning Algorithms
Deep Learning,What is Deep Learning?
Deep Learning,Deep Learning Architectures
Deep Learning,Deep Learning Applications
Neural Networks,What are Neural Networks?
Neural Networks,Neural Network Architectures
Neural Networks,Neural Network Applications
Computer Vision,What is Computer Vision?
Computer Vision,Computer Vision Algorithms
Computer Vision,Computer Vision Applications
Natural Language Processing,What is Natural Language Processing?
Natural Language Processing,NLP Algorithms
Natural Language Processing,NLP Applications
Reinforcement Learning,What is Reinforcement Learning?
Reinforcement Learning,Reinforcement Learning Algorithms
Reinforcement Learning,Reinforcement Learning Applications
Generative Adversarial Networks,What are Generative Adversarial Networks?
Generative Adversarial Networks,GAN Architectures
Generative Adversarial Networks,GAN Applications
Cybersecurity,What is Cybersecurity?
Cybersecurity,Cybersecurity Threats
Cybersecurity,Cybersecurity Best Practices
Internet of Things,What is the Internet of Things?
Internet of Things,IoT Devices and Protocols
Internet of Things,IoT Applications and Use Cases
Cloud Computing,What is Cloud Computing?
Cloud Computing,Cloud Computing Models
Cloud Computing,Cloud Computing Services
LLM,Understanding Transformers in Machine Learning
LLM,Introduction to BERT
LLM,Explaining GPT-3
LLM,ChatGPT: How It Works
LLM,Applications of Large Language Models
Image Compression,Understanding JPEG Compression
Image Compression,Image Compression Techniques
Image Compression,Lossy vs Lossless Compression
Image Compression,Image Compression for Web
Text Compression,Understanding LZW Compression
Text Compression,Text Compression Techniques
Text Compression,Run-Length Encoding Explained
Text Compression,Text Compression Algorithms
RUST Programming,Rust for Beginners
RUST Programming,Building a Web App in Rust
RUST Programming,Rust vs C++
RUST Programming,Concurrency in Rust
Machine Learning,Supervised vs Unsupervised Learning
Machine Learning,Feature Engineering in Machine Learning
Deep Learning,Understanding Convolutional Neural Networks