topic,title
Python Programming,Python Basics
Python Programming,Data Types and Variables
Python Programming,Operators
Python Programming,Control Flow
Python Programming,Functions
Python Programming,Modules and Packages
Python Programming,Object Oriented Programming
Python Programming,Exceptions and Error Handling
Python Programming,File Handling
Python Programming,Regular Expressions
Machine Learning,Introduction to Machine Learning
Machine Learning,Linear Regression
Machine Learning,Logistic Regression
Machine Learning,Decision Trees
Machine Learning,Random Forest
Machine Learning,Support Vector Machines
Machine Learning,Naive Bayes
Machine Learning,K-Nearest Neighbors
Machine Learning,K-Means Clustering
Machine Learning,Hierarchical Clustering
Computer Vision,Introduction to Computer Vision
Computer Vision,Image Processing Basics
Computer Vision,Feature Detection and Extraction
Computer Vision,Image Segmentation
Computer Vision,Object Detection
Computer Vision,Image Classification
Computer Vision,Image Registration
Computer Vision,Image Reconstruction
Computer Vision,Motion Analysis
Computer Vision,3D Computer Vision
Cryptography,Introduction to Cryptography
Cryptography,Symmetric Key Cryptography
Cryptography,Asymmetric Key Cryptography
Cryptography,Hash Functions
Cryptography,Digital Signatures
Cryptography,Key Exchange
Cryptography,Cryptographic Protocols
Cryptography,Quantum Cryptography
Cryptography,Post-Quantum Cryptography
Cryptography,Cryptography Attacks